-- Adminer 4.2.2 MySQL dump

SET NAMES utf8;
SET time_zone = '+00:00';
SET foreign_key_checks = 0;
SET sql_mode = 'NO_AUTO_VALUE_ON_ZERO';

DROP TABLE IF EXISTS `tags`;
CREATE TABLE `tags` (
  `id` int(10) unsigned NOT NULL AUTO_INCREMENT,
  `tag` varchar(200) NOT NULL,
  `category_id` int(10) unsigned DEFAULT NULL,
  PRIMARY KEY (`id`),
  UNIQUE KEY `tag_UNIQUE` (`tag`),
  KEY `fk_tags_category_idx` (`category_id`)
) ENGINE=InnoDB DEFAULT CHARSET=utf8;

INSERT INTO `tags` (`id`, `tag`, `category_id`) VALUES
(1,	'testomato',	2),
(2,	'mongodb',	3),
(3,	'github',	1),
(4,	'deploy',	4),
(5,	'ci',	4),
(6,	'amazon',	1),
(7,	'netflix',	1),
(8,	'highavailability',	4),
(9,	'ebay',	1),
(10,	'nodejs',	3),
(11,	'cloud',	3),
(12,	'tumblr',	1),
(13,	'yahoo',	1),
(14,	'imvu',	1),
(15,	'instagram',	1),
(16,	'stack',	3),
(17,	'facebook',	1),
(18,	'release',	4),
(19,	'foursquare',	1),
(20,	'twitter',	1),
(21,	'security',	4),
(22,	'youporn',	1),
(23,	'porn',	1),
(24,	'scale',	4),
(25,	'google',	1),
(26,	'ssl',	3),
(27,	'imgur',	1),
(28,	'haproxy',	3),
(29,	'hbase',	3),
(30,	'mysql',	3),
(31,	'memcached',	3),
(32,	'redis',	3),
(33,	'elasticsearch',	3),
(34,	'gmail',	1),
(35,	'javascript',	3),
(36,	'memory',	3),
(37,	'etsy',	1),
(38,	'hr',	4),
(39,	'trello',	2),
(40,	'fogcreek',	1),
(42,	'performance',	4),
(45,	'coffeescript',	3),
(47,	'backbonejs',	3),
(48,	'mustache',	3),
(49,	'socketio',	3),
(54,	'basecamp',	2),
(55,	'37signals',	1),
(57,	'pushstate',	3),
(59,	'kanban',	4),
(60,	'scrum',	4),
(61,	'paypal',	1),
(63,	'dust',	3),
(67,	'stackoverflow',	2),
(69,	'mssql',	3),
(70,	'iis',	3),
(73,	'en',	5),
(74,	'cs',	5),
(75,	'seznam',	1),
(76,	'sklik',	2),
(77,	'hadoop',	3),
(83,	'chrome',	2),
(84,	'square',	1),
(86,	'encryption',	4),
(88,	'article',	6),
(89,	'slides',	6),
(90,	'talk',	6),
(93,	'twemcache',	3),
(94,	'twemproxy',	3),
(98,	'rubyonrails',	3),
(99,	'erlang',	3),
(102,	'mongrel',	3),
(104,	'scala',	3),
(105,	'upgrade',	4),
(107,	'messaging',	4),
(112,	'whatsapp',	1),
(115,	'freebsd',	3),
(118,	'forwardsecrecy',	4),
(119,	'dropbox',	1),
(121,	'hydra',	3),
(122,	'mailbox',	2),
(129,	'chat',	4),
(130,	'pinterest',	1),
(131,	'zookeeper',	3),
(134,	'jenkins',	3),
(135,	'git',	3),
(138,	'crittercism',	1),
(142,	'php',	3),
(143,	'hhvm',	3),
(144,	'hack',	3),
(146,	'api',	4),
(147,	'groovy',	3),
(149,	'metadata',	4),
(156,	'serendip',	1),
(160,	'playframework',	3),
(161,	'akka',	3),
(163,	'muut',	1),
(165,	'ipv6',	3),
(167,	'linux',	3),
(184,	'mnesia',	3),
(187,	'aol',	1),
(189,	'java',	3),
(192,	'nginx',	3),
(194,	'maxcdn',	1),
(195,	'cdn',	1),
(196,	'spotify',	1),
(197,	'peertopeer',	3),
(200,	'linkedin',	1),
(202,	'oracle',	3),
(204,	'voldemort',	3),
(206,	'carousel',	2),
(207,	'sqlite',	3),
(212,	'wanelo',	1),
(213,	'postgresql',	3),
(216,	'mercurial',	3),
(218,	'ironio',	1),
(219,	'docker',	3),
(220,	'disqus',	1),
(221,	'realtime',	4),
(222,	'latency',	4),
(223,	'python',	3),
(224,	'comcast',	1),
(226,	'trafficserver',	3),
(227,	'waybackmachine',	2),
(230,	'tomcat',	3),
(232,	'yammer',	2),
(234,	'cassandra',	3),
(235,	'datastax',	1),
(236,	'testing',	4),
(238,	'kafka',	3),
(239,	'logs',	4),
(240,	'pagerduty',	1),
(242,	'percona',	3),
(243,	'xtradbcluster',	3),
(244,	'migration',	4),
(246,	'pointofpresence',	4),
(247,	'realusermonitoring',	4),
(249,	'mnx',	1),
(250,	'dns',	4),
(252,	'atom',	2),
(253,	'react',	3),
(254,	'bitly',	1),
(255,	'soa',	4),
(256,	'octivi',	1),
(257,	'symfony',	3),
(261,	'varnish',	3),
(262,	'apache',	3),
(263,	'auth0',	1),
(269,	'debian',	3),
(271,	'vimeo',	1),
(272,	'casperjs',	3),
(277,	'clayio',	1),
(283,	'ansible',	3),
(284,	'mixradio',	1),
(285,	'microservices',	4),
(286,	'clojure',	3),
(293,	'architecture',	4),
(294,	'yelp',	1),
(296,	'contentsecuritypolicy',	4),
(297,	'nasa',	1),
(298,	'wikimedia',	1),
(301,	'seo',	4),
(303,	'animation',	4),
(304,	'cloudflare',	1),
(305,	'dnssec',	4),
(306,	'mingle',	1),
(309,	'aws',	3),
(312,	'citusdb',	3);

DROP TABLE IF EXISTS `tag_categories`;
CREATE TABLE `tag_categories` (
  `id` int(10) unsigned NOT NULL AUTO_INCREMENT,
  `category` varchar(200) NOT NULL,
  PRIMARY KEY (`id`),
  UNIQUE KEY `category_UNIQUE` (`category`)
) ENGINE=InnoDB DEFAULT CHARSET=utf8;

INSERT INTO `tag_categories` (`id`, `category`) VALUES
(1,	'company'),
(5,	'language'),
(6,	'media'),
(4,	'process'),
(2,	'product'),
(3,	'technology');

DROP TABLE IF EXISTS `urls`;
CREATE TABLE `urls` (
  `id` int(10) unsigned NOT NULL AUTO_INCREMENT,
  `url` varchar(2000) NOT NULL,
  `title` varchar(2000) NOT NULL,
  `added` datetime NOT NULL,
  `published` datetime NOT NULL,
  PRIMARY KEY (`id`),
  UNIQUE KEY `url_UNIQUE` (`url`(255))
) ENGINE=InnoDB DEFAULT CHARSET=utf8;

INSERT INTO `urls` (`id`, `url`, `title`, `added`, `published`) VALUES
(1,	'http://blog.testomato.com/post/51796649267/how-we-use-mongodb-testomato',	'How We Use It: MongoDB and Testomato',	'2013-06-01 13:40:33',	'2013-05-31 01:13:00'),
(2,	'https://github.com/blog/1241-deploying-at-github',	'Deploying at GitHub',	'2013-06-01 13:40:33',	'2012-08-29 00:00:00'),
(3,	'http://highscalability.com/blog/2007/9/18/amazon-architecture.html',	'Amazon Architecture',	'2013-06-01 17:07:17',	'2007-09-18 05:44:00'),
(4,	'http://slideslive.com/w/38890085',	'High Availability at Netflix',	'2013-06-01 17:11:52',	'2013-04-30 16:04:00'),
(5,	'http://www.ebaytechblog.com/2013/05/17/how-we-built-ebays-first-node-js-application/',	'How We Built eBay’s First Node.js Application',	'2013-06-01 17:13:20',	'2013-05-17 00:00:00'),
(6,	'http://www.slideshare.net/adrianco/netflix-architecture-tutorial-at-gluecon',	'Cloud Architecture Tutorial',	'2013-06-01 17:18:57',	'2012-05-23 00:00:00'),
(7,	'http://highscalability.com/blog/2013/5/20/the-tumblr-architecture-yahoo-bought-for-a-cool-billion-doll.html',	'The Tumblr Architecture Yahoo Bought for a Cool Billion Dollars',	'2013-06-01 17:20:26',	'2013-05-20 08:25:00'),
(8,	'http://bostinno.streetwise.co/2011/11/21/continuous-deployment-possibility-or-pipe-dream/',	'Continuous Deployment: Possibility or Pipe Dream?',	'2013-06-01 17:27:44',	'2011-11-21 12:09:00'),
(9,	'http://instagram-engineering.tumblr.com/post/13649370142/what-powers-instagram-hundreds-of-instances-dozens-of',	'What Powers Instagram: Hundreds of Instances, Dozens of Technologies',	'2013-06-01 17:32:55',	'2011-12-02 23:29:42'),
(10,	'http://arstechnica.com/business/2012/04/exclusive-a-behind-the-scenes-look-at-facebook-release-engineering/',	'Exclusive: a behind-the-scenes look at Facebook release engineering',	'2013-06-01 17:36:16',	'2012-04-05 17:30:00'),
(11,	'http://highscalability.com/blog/2012/4/9/the-instagram-architecture-facebook-bought-for-a-cool-billio.html',	'The Instagram Architecture Facebook Bought for a Cool Billion Dollars',	'2013-06-01 17:38:42',	'2012-04-09 12:49:00'),
(12,	'http://techblog.netflix.com/2011/07/netflix-simian-army.html',	'The Netflix Simian Army',	'2013-06-01 17:40:14',	'2011-07-19 00:00:00'),
(13,	'http://www.10gen.com/presentations/mongodb-foursquare-cloud-bare-metal',	'MongoDB at foursquare: From the Cloud to Bare Metal',	'2013-06-01 17:41:04',	'2012-12-04 00:00:00'),
(14,	'http://itrevolution.com/heres-how-the-amazing-twitter-infosec-team-helps-devops/',	'Here’s How The Amazing Twitter Infosec Team Helps DevOps',	'2013-06-01 17:43:03',	'2012-12-20 22:42:47'),
(15,	'http://www.extremetech.com/computing/123929-just-how-big-are-porn-sites',	'Just how big are porn sites?',	'2013-06-01 17:51:09',	'2012-04-04 13:12:00'),
(16,	'http://vimeo.com/56362484',	'Pushing Millions of Lines of Code Five Days a Week',	'2013-06-01 17:54:35',	'2011-05-27 23:45:00'),
(17,	'http://www.imperialviolet.org/2010/06/25/overclocking-ssl.html',	'Overclocking SSL',	'2013-06-01 18:00:01',	'2010-06-25 00:00:00'),
(18,	'http://imgur.com/blog/2013/06/04/tech-tuesday-our-technology-stack/',	'Tech Tuesday: Our Technology Stack',	'2013-06-09 20:56:25',	'2013-06-04 14:25:00'),
(19,	'http://www.html5rocks.com/en/tutorials/memory/effectivemanagement/',	'Effectively Managing Memory at Gmail scale',	'2013-06-22 18:42:41',	'2013-06-12 00:00:00'),
(20,	'http://codeascraft.com/2013/07/01/atomic-deploys-at-etsy/',	'Atomic deploys at Etsy',	'2013-07-01 20:53:11',	'2013-07-01 00:00:00'),
(21,	'http://www.infoq.com/presentations/Twitter-Timeline-Scalability',	'Timelines at Scale',	'2013-07-18 18:06:37',	'2013-04-03 00:00:00'),
(22,	'http://www.youtube.com/watch?v=AwOG65UGAH4',	'Scaling Deployment at Etsy',	'2013-10-01 11:34:15',	'2013-06-25 00:00:00'),
(23,	'http://blog.fogcreek.com/we-spent-a-week-making-trello-boards-load-extremely-fast-heres-how-we-did-it/',	'We spent a week making Trello boards load extremely fast. Here’s how we did it.',	'2014-01-24 01:20:25',	'2014-01-22 00:00:00'),
(24,	'http://blog.fogcreek.com/the-trello-tech-stack/',	'The Trello Tech Stack',	'2014-01-24 01:28:36',	'2012-01-19 00:00:00'),
(25,	'http://37signals.com/svn/posts/3112-how-basecamp-next-got-to-be-so-damn-fast-without-using-much-client-side-ui',	'How Basecamp Next got to be so damn fast without using much client-side UI',	'2014-01-26 20:33:04',	'2012-02-17 00:00:00'),
(26,	'http://blog.testomato.com/post/75141928026/how-we-use-kanban-testomato',	'How We Use Kanban at Testomato',	'2014-02-03 00:25:19',	'2014-01-31 12:19:00'),
(27,	'https://www.paypal-engineering.com/2013/06/17/set-my-ui-free-part-1-dust-javascript-templating-open-source-and-more/',	'Dust JavaScript Templating, Open Source and More',	'2014-02-03 03:38:03',	'2013-06-17 00:00:00'),
(28,	'https://www.paypal-engineering.com/2013/11/22/node-js-at-paypal/',	'Node.js at PayPal',	'2014-02-03 03:39:21',	'2013-11-22 00:00:00'),
(29,	'https://www.facebook.com/note.php?note_id=39391378919',	'Scaling memcached at Facebook',	'2014-02-12 17:38:49',	'2008-12-12 21:43:00'),
(30,	'http://nickcraver.com/blog/2013/11/22/what-it-takes-to-run-stack-overflow/',	'What it takes to run Stack Overflow',	'2014-02-13 03:08:20',	'2013-11-22 00:00:00'),
(31,	'http://sklik.cz.sblog.cz/2014/02/05/139',	'Sklik je i spousta technologie',	'2014-02-16 03:39:33',	'2014-02-05 11:00:00'),
(32,	'http://www.youtube.com/watch?v=AukR16ARmfs',	'Security Team 2.1',	'2014-02-17 01:15:11',	'2014-02-10 00:00:00'),
(33,	'http://www.youtube.com/watch?v=x_vJPm3nX-c',	'Encrypted Data at Rest in Hadoop',	'2014-02-17 01:45:21',	'2014-02-05 00:00:00'),
(34,	'https://blog.twitter.com/2012/caching-with-twemcache',	'Caching with Twemcache',	'2014-02-17 03:47:06',	'2012-07-10 20:15:00'),
(35,	'http://highscalability.com/scaling-twitter-making-twitter-10000-percent-faster',	'Scaling Twitter: Making Twitter 10000 Percent Faster',	'2014-02-19 00:30:07',	'2009-06-27 23:46:00'),
(36,	'http://gojko.net/2009/03/16/qcon-london-2009-upgrading-twitter-without-service-disruptions/',	'QCon London 2009: Upgrading Twitter without service disruptions',	'2014-02-19 01:00:43',	'2009-03-16 15:58:00'),
(37,	'http://www.artima.com/scalazine/articles/twitter_on_scala.html',	'Twitter on Scala, a conversation with Steve Jenson, Alex Payne, and Robey Pointer',	'2014-02-19 01:05:21',	'2009-04-03 00:00:00'),
(38,	'http://vimeo.com/44312354',	'Scaling to Millions of Simultaneous Connections',	'2014-02-21 04:32:41',	'2012-06-19 09:08:00'),
(39,	'https://blog.twitter.com/2013/forward-secrecy-at-twitter-0',	'Forward Secrecy at Twitter',	'2014-02-21 19:13:39',	'2013-11-22 00:00:00'),
(40,	'https://tech.dropbox.com/2013/09/scaling-mongodb-at-mailbox/',	'Scaling MongoDB at Mailbox',	'2014-02-21 23:04:42',	'2013-09-12 18:00:43'),
(41,	'https://tech.dropbox.com/2014/02/video-processing-at-dropbox/',	'Video Processing at Dropbox',	'2014-02-21 23:07:22',	'2014-02-18 17:21:43'),
(42,	'https://tech.dropbox.com/2014/01/retrieving-thumbnails/',	'Improving Dropbox Performance: Retrieving Thumbnails',	'2014-02-21 23:08:49',	'2014-01-27 18:41:42'),
(43,	'http://highscalability.com/blog/2014/2/26/the-whatsapp-architecture-facebook-bought-for-19-billion.html',	'The WhatsApp Architecture Facebook Bought For $19 Billion',	'2014-02-27 01:22:10',	'2014-02-26 08:56:00'),
(44,	'http://highscalability.com/blog/2008/5/14/new-facebook-chat-feature-scales-to-70-million-users-using-e.html',	'New Facebook Chat Feature Scales To 70 Million Users Using Erlang',	'2014-02-27 02:00:32',	'2008-05-14 17:09:00'),
(45,	'http://engineering.pinterest.com/post/77933733851/zookeeper-resilience-at-pinterest',	'ZooKeeper Resilience at Pinterest',	'2014-03-01 18:24:41',	'2014-02-26 00:00:00'),
(46,	'http://engineering.pinterest.com/post/70621633046/deploying-software-at-pinterest',	'Deploying software at Pinterest',	'2014-03-01 18:28:53',	'2013-12-20 00:00:00'),
(47,	'http://blog.mongodb.org/post/77278906988/crittercism-scaling-to-billions-of-requests-per-day-on',	'Crittercism: Scaling To Billions Of Requests Per Day On MongoDB',	'2014-03-01 18:31:48',	'2014-02-20 00:00:00'),
(48,	'http://www.infoq.com/presentations/php-facebook',	'Taking PHP Seriously',	'2014-03-04 02:06:16',	'2014-02-26 00:00:00'),
(49,	'http://techblog.netflix.com/2014/03/the-netflix-dynamic-scripting-platform.html',	'The Netflix Dynamic Scripting Platform',	'2014-03-17 00:49:46',	'2014-03-03 00:00:00'),
(50,	'http://www.theatlantic.com/technology/archive/2014/01/how-netflix-reverse-engineered-hollywood/282679/',	'How Netflix Reverse Engineered Hollywood',	'2014-03-17 01:06:27',	'2014-01-02 11:58:00'),
(51,	'http://www.todayonline.com/business/management/how-netflix-reinvented-hr',	'How Netflix Reinvented HR',	'2014-03-17 01:24:41',	'2014-01-20 04:02:00'),
(52,	'http://www.slideshare.net/reed2001/culture-1798664',	'Netflix Culture: Freedom & Responsibility',	'2014-03-17 01:26:01',	'2009-08-01 00:00:00'),
(53,	'http://highscalability.com/blog/2014/3/11/building-a-social-music-service-using-aws-scala-akka-play-mo.html',	'Building A Social Music Service Using AWS, Scala, Akka, Play, MongoDB, And Elasticsearch',	'2014-03-17 01:56:51',	'2014-03-11 08:56:00'),
(54,	'https://muut.com/blog/technology/redis-as-primary-datastore-wtf.html',	'Redis as the primary data store? WTF?!',	'2014-03-23 15:41:21',	'2013-04-08 00:00:00'),
(55,	'https://www.facebook.com/groups/2234775539/10152303014750540/',	'The Road To IPv6',	'2014-03-24 02:04:55',	'2014-03-20 00:00:00'),
(57,	'http://highscalability.com/blog/2014/3/31/how-whatsapp-grew-to-nearly-500-million-users-11000-cores-an.html',	'How WhatsApp Grew To Nearly 500 Million Users, 11,000 Cores, And 70 Million Messages A Second',	'2014-04-01 01:13:26',	'2014-03-31 08:56:00'),
(58,	'http://highscalability.com/blog/2014/2/17/how-the-aolcom-architecture-evolved-to-99999-availability-8.html',	'How The AOL.Com Architecture Evolved To 99.999% Availability, 8 Million Visitors Per Day, And 200,000 Requests Per Second',	'2014-04-03 02:12:26',	'2014-02-17 08:56:00'),
(59,	'http://nickcraver.com/blog/2013/04/23/stackoverflow-com-the-road-to-ssl/',	'Stackoverflow.com: the road to SSL',	'2014-04-20 03:13:30',	'2013-04-23 00:00:00'),
(60,	'http://blog.maxcdn.com/behind-scenes-tools-maxcdn-com/',	'Behind The Scenes: tools.maxcdn.com',	'2014-04-20 03:16:13',	'2014-04-14 00:00:00'),
(61,	'http://www.csc.kth.se/~gkreitz/spotify/',	'Spotify — Behind the Scenes',	'2014-04-20 03:22:41',	'2011-04-28 00:00:00'),
(62,	'http://www.slideshare.net/ricardovice/spotify-behind-the-scenes',	'Behind the scenes',	'2014-04-20 03:25:02',	'2011-02-10 00:00:00'),
(63,	'http://vitalflux.com/data-handled-linkedin-com/',	'Data Architecture Lessons from LinkedIn.com Data Handling Mechanisms',	'2014-04-20 03:30:10',	'2014-04-03 00:00:00'),
(64,	'https://tech.dropbox.com/2014/04/building-carousel-part-i-how-we-made-our-networked-mobile-app-feel-fast-and-local/',	'Building Carousel, Part I: How we made our networked mobile app feel fast and local',	'2014-04-21 23:14:16',	'2014-04-14 18:59:12'),
(65,	'http://firstround.com/article/Hyper-Growth-Done-Right-Lessons-From-the-Man-Who-Scaled-Engineering-at-Dropbox-and-Facebook',	'Hyper-Growth Done Right - Lessons From the Man Who Scaled Engineering at Dropbox and Facebook',	'2014-04-21 23:19:26',	'2014-04-10 00:00:00'),
(66,	'http://www.slideshare.net/kigster/12step-program-for-scaling-web-applications-on-postgresql',	'12-Step Program for Scaling Web Applications on PostgreSQL',	'2014-04-21 23:20:33',	'2014-03-19 00:00:00'),
(67,	'https://code.facebook.com/posts/218678814984400/scaling-mercurial-at-facebook/',	'Scaling Mercurial at Facebook',	'2014-04-24 20:51:58',	'2014-01-07 21:16:00'),
(68,	'http://blog.iron.io/2014/04/how-docker-helped-us-achieve-near.html',	'How Docker Helped Us Achieve the (Near) Impossible',	'2014-04-25 22:58:18',	'2014-04-22 00:00:00'),
(69,	'http://highscalability.com/blog/2014/4/28/how-disqus-went-realtime-with-165k-messages-per-second-and-l.html',	'How Disqus Went Realtime With 165K Messages Per Second And Less Than .2 Seconds Latency',	'2014-04-29 00:17:12',	'2014-04-28 09:21:00'),
(70,	'https://www.youtube.com/watch?v=q1mndAYZlio',	'Building a large scale CDN with Apache Traffic Server',	'2014-05-08 18:02:16',	'2014-04-25 00:00:00'),
(71,	'http://highscalability.com/blog/2014/5/19/a-short-on-how-the-wayback-machine-stores-more-pages-than-st.html',	'A Short On How The Wayback Machine Stores More Pages Than Stars In The Milky Way',	'2014-05-19 18:35:59',	'2014-05-19 08:56:00'),
(72,	'http://highscalability.com/blog/2013/7/8/the-architecture-twitter-uses-to-deal-with-150m-active-users.html',	'The Architecture Twitter Uses To Deal With 150M Active Users, 300K QPS, A 22 MB/S Firehose, And Send Tweets In Under 5 Seconds',	'2014-05-23 15:11:11',	'2013-07-08 08:54:00'),
(73,	'http://eng.yammer.com/shipping-mobile-apps-every-week/',	'Shipping mobile apps every week',	'2014-05-24 02:44:50',	'2014-04-28 00:00:00'),
(74,	'http://www.datastax.com/dev/blog/testing-cassandra-1000-nodes-at-a-time',	'Testing Cassandra 1000 Nodes at a Time',	'2014-05-24 02:49:05',	'2014-04-28 00:00:00'),
(75,	'http://engineering.pinterest.com/post/84276775924/introducing-pinterest-secor',	'Introducing Pinterest Secor',	'2014-05-24 02:53:55',	'2014-04-29 00:00:00'),
(76,	'https://www.youtube.com/watch?v=lrGbK6fE7bI',	'Crypto-Anchoring: Defending against offline attacks',	'2014-05-26 03:00:45',	'2014-02-19 00:00:00'),
(77,	'http://highscalability.com/blog/2014/6/16/migrating-to-xtradb-cluster-in-ec2-at-pagerduty.html',	'Migrating To XtraDB Cluster In EC2 At PagerDuty',	'2014-06-27 22:44:50',	'2014-06-16 09:01:00'),
(78,	'http://engineering.linkedin.com/performance/how-linkedin-used-pops-and-rum-make-dynamic-content-download-25-faster',	'How LinkedIn used PoPs and RUM to make dynamic content download 25% faster',	'2014-07-11 02:37:26',	'2014-06-25 00:00:00'),
(79,	'http://mnx.io/blog/a-proper-server-naming-scheme/',	'A Proper Server Naming Scheme',	'2014-07-11 02:45:49',	'2014-07-10 00:00:00'),
(80,	'http://blog.atom.io/2014/07/02/moving-atom-to-react.html',	'Moving Atom To React',	'2014-07-11 03:45:45',	'2014-07-02 00:00:00'),
(81,	'http://highscalability.com/blog/2014/7/14/bitly-lessons-learned-building-a-distributed-system-that-han.html',	'Bitly: Lessons Learned Building A Distributed System That Handles 6 Billion Clicks A Month',	'2014-07-14 18:33:41',	'2014-07-14 09:00:00'),
(82,	'http://labs.octivi.com/handling-1-billion-requests-a-week-with-symfony2/',	'Handling 1 Billion requests a week with Symfony2',	'2014-07-23 03:12:10',	'2014-07-22 00:00:00'),
(83,	'http://highscalability.com/blog/2014/7/21/stackoverflow-update-560m-pageviews-a-month-25-servers-and-i.html',	'StackOverflow Update: 560M Pageviews A Month, 25 Servers, And It\'s All About Performance',	'2014-07-23 03:14:03',	'2014-07-21 09:00:00'),
(84,	'http://highscalability.com/blog/2014/12/1/auth0-architecture-running-in-multiple-cloud-providers-and-r.html',	'Auth0 Architecture - Running In Multiple Cloud Providers And Regions',	'2014-12-10 23:16:53',	'2014-12-01 08:56:00'),
(85,	'http://www.root.cz/clanky/seznam-cz-pohani-sedm-tisic-serveru-s-debianem/',	'Seznam.cz pohání sedm tisíc serverů s Debianem',	'2014-12-10 23:21:27',	'2014-10-10 00:00:00'),
(86,	'http://making.vimeo.com/post/96719707679/casperjs-our-friendly-testing-tool',	'CasperJS, our friendly testing tool',	'2014-12-10 23:28:13',	'2014-09-05 00:00:00'),
(87,	'https://github.com/blog/1880-making-mysql-better-at-github',	'Making MySQL Better at GitHub',	'2014-12-10 23:29:51',	'2014-09-02 00:00:00'),
(88,	'http://highscalability.com/blog/2014/10/6/how-clayio-built-their-10x-architecture-using-aws-docker-hap.html',	'How Clay.Io Built Their 10x Architecture Using AWS, Docker, HAProxy, And Lots More',	'2014-12-10 23:33:02',	'2014-10-06 00:00:00'),
(89,	'http://highscalability.com/blog/2014/8/25/mixradio-architecture-playing-with-an-eclectic-mix-of-servic.html',	'MixRadio Architecture - Playing With An Eclectic Mix Of Services',	'2014-12-10 23:38:23',	'2014-08-25 00:00:00'),
(90,	'http://engineeringblog.yelp.com/2014/09/csp_reports_at_scale.html',	'Making Sense of CSP Reports @ Scale',	'2014-12-10 23:40:34',	'2014-09-08 00:00:00'),
(91,	'http://highscalability.com/blog/2014/9/8/how-twitter-uses-redis-to-scale-105tb-ram-39mm-qps-10000-ins.html',	'How Twitter Uses Redis To Scale - 105TB RAM, 39MM QPS, 10,000+ Instances',	'2014-12-10 23:42:56',	'2014-09-08 09:05:00'),
(92,	'https://gigaom.com/2014/12/19/how-nasa-launched-its-web-infrastructure-into-the-cloud/',	'How NASA launched its web infrastructure into the cloud',	'2015-01-11 20:20:13',	'2014-12-19 05:00:00'),
(93,	'http://www.adweek.com/socialtimes/wikipedia-hhvm/440399',	'How Wikipedia Transitioned to HHVM',	'2015-01-28 22:19:58',	'2015-01-08 13:12:00'),
(94,	'http://engineering.pinterest.com/post/109318939139/demystifying-seo-with-experiments',	'Demystifying SEO with experiments',	'2015-01-28 22:24:08',	'2015-01-27 00:00:00'),
(95,	'http://engineeringblog.yelp.com/2015/01/animating-the-mobile-web.html',	'Animating the Mobile Web',	'2015-01-30 00:39:37',	'2015-01-27 00:00:00'),
(96,	'https://blog.cloudflare.com/dnssec-done-right/',	'DNSSEC Done Right',	'2015-01-30 23:21:13',	'2015-01-29 00:00:00'),
(97,	'http://www.slideshare.net/deimos/randy-shoup-ebays-architectural-principles',	'eBay\'s Architectural Principles',	'2015-02-26 14:53:04',	'2008-03-18 00:00:00'),
(98,	'http://www.thoughtworks.com/insights/blog/how-mingle-built-its-elasticsearch-cluster-aws',	'How Mingle Built its ElasticSearch Cluster on AWS',	'2015-03-04 16:00:25',	'2015-01-20 00:00:00'),
(99,	'http://nginx.com/blog/adopting-microservices-at-netflix-lessons-for-team-and-process-design/',	'Adopting Microservices at Netflix: Lessons for Team and Process Design',	'2015-03-13 16:51:50',	'2015-03-10 00:00:00'),
(100,	'https://codeascraft.com/2015/04/06/experimenting-with-hhvm-at-etsy/',	'Experimenting with HHVM at Etsy',	'2015-04-06 23:05:43',	'2015-04-06 00:00:00'),
(101,	'https://blog.cloudflare.com/scaling-out-postgresql-for-cloudflare-analytics-using-citusdb/',	'Scaling out PostgreSQL for CloudFlare Analytics using CitusDB',	'2015-04-10 00:11:00',	'2015-04-09 00:00:00');

DROP TABLE IF EXISTS `url_tags`;
CREATE TABLE `url_tags` (
  `id` int(10) unsigned NOT NULL AUTO_INCREMENT,
  `url_id` int(10) unsigned NOT NULL,
  `tag_id` int(10) unsigned NOT NULL,
  PRIMARY KEY (`id`),
  UNIQUE KEY `url_tags_UNIQUE` (`url_id`,`tag_id`),
  KEY `fk_url_tags_url_idx` (`url_id`),
  KEY `fk_url_tags_tag_idx` (`tag_id`),
  CONSTRAINT `fk_url_tags_tag` FOREIGN KEY (`tag_id`) REFERENCES `tags` (`id`) ON DELETE CASCADE ON UPDATE CASCADE,
  CONSTRAINT `fk_url_tags_url` FOREIGN KEY (`url_id`) REFERENCES `urls` (`id`) ON DELETE CASCADE ON UPDATE CASCADE
) ENGINE=InnoDB DEFAULT CHARSET=utf8;

INSERT INTO `url_tags` (`id`, `url_id`, `tag_id`) VALUES
(1,	1,	1),
(2,	1,	2),
(3,	2,	3),
(4,	2,	4),
(5,	2,	5),
(6,	3,	6),
(7,	4,	7),
(8,	4,	8),
(9,	5,	9),
(10,	5,	10),
(11,	6,	7),
(12,	6,	11),
(13,	7,	12),
(14,	7,	13),
(16,	8,	4),
(15,	8,	14),
(17,	9,	15),
(18,	9,	16),
(19,	10,	17),
(20,	10,	18),
(21,	11,	15),
(22,	11,	17),
(23,	12,	7),
(24,	12,	11),
(26,	13,	2),
(25,	13,	19),
(27,	14,	20),
(28,	14,	21),
(29,	15,	22),
(30,	15,	23),
(31,	15,	24),
(32,	16,	17),
(33,	16,	18),
(34,	17,	25),
(35,	17,	26),
(36,	18,	27),
(37,	18,	28),
(38,	18,	29),
(39,	18,	30),
(40,	18,	31),
(41,	18,	32),
(42,	18,	33),
(43,	19,	34),
(44,	19,	35),
(45,	19,	36),
(46,	20,	4),
(47,	20,	37),
(50,	21,	20),
(49,	21,	24),
(48,	21,	32),
(51,	22,	4),
(53,	22,	24),
(52,	22,	37),
(56,	23,	35),
(54,	23,	39),
(55,	23,	40),
(57,	23,	42),
(68,	24,	2),
(65,	24,	10),
(61,	24,	16),
(66,	24,	28),
(67,	24,	32),
(58,	24,	39),
(59,	24,	40),
(60,	24,	45),
(62,	24,	47),
(63,	24,	48),
(64,	24,	49),
(71,	25,	35),
(73,	25,	42),
(69,	25,	54),
(70,	25,	55),
(72,	25,	57),
(74,	26,	1),
(75,	26,	59),
(76,	26,	60),
(78,	27,	35),
(77,	27,	61),
(79,	27,	63),
(81,	28,	10),
(80,	28,	61),
(82,	29,	17),
(84,	29,	24),
(83,	29,	31),
(90,	30,	28),
(86,	30,	32),
(89,	30,	33),
(85,	30,	67),
(87,	30,	69),
(88,	30,	70),
(94,	31,	29),
(95,	31,	30),
(96,	31,	74),
(91,	31,	75),
(92,	31,	76),
(93,	31,	77),
(98,	32,	21),
(99,	32,	24),
(97,	32,	25),
(100,	32,	83),
(105,	32,	90),
(104,	33,	21),
(102,	33,	77),
(101,	33,	84),
(103,	33,	86),
(106,	33,	90),
(107,	34,	20),
(108,	34,	31),
(111,	34,	88),
(109,	34,	93),
(110,	34,	94),
(112,	35,	20),
(113,	35,	24),
(116,	35,	30),
(117,	35,	31),
(114,	35,	98),
(115,	35,	99),
(118,	35,	102),
(119,	36,	20),
(122,	36,	31),
(120,	36,	104),
(121,	36,	105),
(123,	36,	107),
(125,	37,	20),
(124,	37,	31),
(127,	37,	98),
(126,	37,	104),
(129,	38,	24),
(130,	38,	99),
(128,	38,	112),
(131,	38,	115),
(132,	39,	20),
(133,	39,	26),
(134,	39,	118),
(136,	40,	2),
(135,	40,	119),
(137,	40,	121),
(138,	40,	122),
(139,	41,	119),
(140,	42,	119),
(160,	43,	17),
(143,	43,	24),
(142,	43,	99),
(141,	43,	112),
(144,	43,	115),
(145,	44,	17),
(148,	44,	24),
(146,	44,	99),
(147,	44,	129),
(151,	45,	8),
(149,	45,	130),
(150,	45,	131),
(156,	46,	4),
(152,	46,	130),
(155,	46,	131),
(153,	46,	134),
(154,	46,	135),
(158,	47,	2),
(159,	47,	24),
(157,	47,	138),
(161,	48,	17),
(165,	48,	90),
(162,	48,	142),
(163,	48,	143),
(164,	48,	144),
(166,	49,	7),
(167,	49,	146),
(168,	49,	147),
(169,	50,	7),
(170,	50,	149),
(171,	51,	7),
(172,	51,	38),
(173,	51,	88),
(174,	52,	7),
(175,	52,	38),
(176,	52,	89),
(179,	53,	2),
(180,	53,	33),
(178,	53,	104),
(177,	53,	156),
(181,	53,	160),
(182,	53,	161),
(183,	54,	32),
(184,	54,	163),
(185,	55,	17),
(189,	55,	89),
(187,	55,	142),
(186,	55,	165),
(188,	55,	167),
(201,	57,	17),
(202,	57,	24),
(206,	57,	88),
(207,	57,	90),
(203,	57,	99),
(200,	57,	112),
(204,	57,	115),
(205,	57,	184),
(209,	58,	24),
(211,	58,	30),
(208,	58,	187),
(210,	58,	189),
(213,	59,	26),
(215,	59,	28),
(212,	59,	67),
(214,	59,	192),
(216,	60,	194),
(217,	60,	195),
(218,	61,	196),
(219,	61,	197),
(220,	62,	196),
(221,	62,	197),
(223,	63,	30),
(225,	63,	31),
(227,	63,	77),
(222,	63,	200),
(224,	63,	202),
(226,	63,	204),
(228,	64,	119),
(229,	64,	206),
(230,	64,	207),
(234,	65,	17),
(233,	65,	24),
(232,	65,	38),
(231,	65,	119),
(238,	66,	24),
(235,	66,	212),
(236,	66,	213),
(239,	67,	17),
(240,	67,	24),
(242,	67,	135),
(241,	67,	216),
(243,	68,	218),
(244,	68,	219),
(252,	69,	24),
(251,	69,	89),
(250,	69,	90),
(249,	69,	192),
(245,	69,	220),
(246,	69,	221),
(247,	69,	222),
(248,	69,	223),
(256,	70,	90),
(254,	70,	195),
(253,	70,	224),
(255,	70,	226),
(258,	71,	28),
(261,	71,	32),
(259,	71,	192),
(257,	71,	227),
(260,	71,	230),
(262,	72,	20),
(264,	73,	18),
(263,	73,	232),
(265,	74,	234),
(266,	74,	235),
(267,	74,	236),
(268,	75,	130),
(269,	75,	238),
(270,	75,	239),
(272,	76,	21),
(271,	76,	84),
(274,	77,	30),
(273,	77,	240),
(275,	77,	242),
(276,	77,	243),
(277,	77,	244),
(281,	78,	42),
(278,	78,	200),
(279,	78,	246),
(280,	78,	247),
(282,	79,	249),
(283,	79,	250),
(284,	80,	3),
(285,	80,	252),
(286,	80,	253),
(287,	81,	254),
(288,	81,	255),
(293,	82,	28),
(292,	82,	30),
(291,	82,	32),
(289,	82,	256),
(290,	82,	257),
(294,	82,	261),
(295,	82,	262),
(298,	83,	28),
(297,	83,	33),
(296,	83,	67),
(299,	83,	69),
(301,	84,	2),
(303,	84,	195),
(302,	84,	219),
(300,	84,	263),
(307,	85,	74),
(304,	85,	75),
(305,	85,	167),
(306,	85,	269),
(310,	86,	134),
(308,	86,	271),
(309,	86,	272),
(311,	87,	3),
(312,	87,	30),
(313,	87,	42),
(318,	88,	2),
(316,	88,	28),
(317,	88,	30),
(319,	88,	31),
(315,	88,	219),
(314,	88,	277),
(320,	88,	283),
(325,	89,	2),
(324,	89,	30),
(328,	89,	32),
(326,	89,	33),
(327,	89,	131),
(329,	89,	167),
(321,	89,	284),
(322,	89,	285),
(323,	89,	286),
(330,	89,	293),
(332,	90,	21),
(334,	90,	24),
(331,	90,	294),
(333,	90,	296),
(335,	91,	20),
(337,	91,	24),
(336,	91,	32),
(339,	92,	11),
(338,	92,	297),
(341,	93,	143),
(340,	93,	298),
(342,	94,	130),
(343,	94,	301),
(344,	95,	294),
(345,	95,	303),
(348,	96,	250),
(346,	96,	304),
(347,	96,	305),
(349,	97,	9),
(350,	97,	293),
(353,	98,	11),
(352,	98,	33),
(351,	98,	306),
(354,	98,	309),
(355,	99,	7),
(356,	99,	285),
(357,	100,	37),
(359,	100,	42),
(358,	100,	143),
(363,	101,	24),
(361,	101,	213),
(360,	101,	304),
(362,	101,	312);

-- 2015-10-24 18:46:05
